city,n_obs_all,source,obs_share,bus_kmh,bus_n,tram_kmh,tram_n
lodz,168507,none,1.0,18.24,111103,16.37,57404
lodz,168507,gisco,0.959,17.88,106626,16.21,54896
lodz,168507,osm,0.958,17.88,106565,16.21,54896
warszawa,671976,none,1.0,20.14,511576,18.22,160400
warszawa,671976,gisco,0.881,19.17,431905,18.22,160400
warszawa,671976,osm,0.881,19.17,431905,18.22,160400
krakow,217854,none,1.0,21.32,144208,18.91,73646
krakow,217854,gisco,0.877,19.71,117355,18.91,73646
krakow,217854,osm,0.877,19.71,117355,18.91,73646
gdansk,119649,none,1.0,19.42,80942,17.48,38707
gdansk,119649,gisco,0.934,19.11,73035,17.48,38707
gdansk,119649,osm,0.934,19.11,73035,17.48,38707
poznan,109941,none,1.0,27.84,44768,18.54,65173
poznan,109941,gisco,0.727,26.61,14781,18.54,65173
poznan,109941,osm,0.727,26.6,14761,18.54,65173
szczecin,96244,none,1.0,21.45,64435,16.99,31809
szczecin,96244,gisco,0.917,20.47,56401,16.99,31809
szczecin,96244,osm,0.919,20.51,56603,16.99,31809
prague,643568,none,1.0,28.1,481456,18.7,162112
prague,643568,gisco,0.702,22.22,289867,18.7,162112
prague,643568,osm,0.702,22.24,289939,18.7,162112
rome,633753,none,1.0,16.75,630907,11.06,2846
rome,633753,gisco,0.997,16.73,628804,11.06,2846
rome,633753,osm,0.998,16.72,629325,11.06,2846
vilnius,164560,none,1.0,18.81,164560,,0
vilnius,164560,gisco,0.957,18.51,157446,,0
vilnius,164560,osm,0.952,18.47,156600,,0
sofia,280211,none,1.0,18.73,223078,14.99,57133
sofia,280211,gisco,0.996,18.72,221997,14.99,57133
sofia,280211,osm,0.881,17.39,190590,14.95,56205
bucharest,271871,none,1.0,15.64,234737,14.46,37134
bucharest,271871,gisco,0.855,14.04,195259,14.46,37134
bucharest,271871,osm,0.856,14.05,195595,14.46,37134
lisbon,199964,none,1.0,13.95,199964,,0
lisbon,199964,gisco,1.0,13.95,199964,,0
lisbon,199964,osm,0.935,13.58,186902,,0
zagreb,111462,none,1.0,24.09,67549,14.71,43913
zagreb,111462,gisco,0.951,23.4,62088,14.71,43913
zagreb,111462,osm,0.951,23.4,62088,14.71,43913
ljubljana,36762,none,1.0,17.54,36762,,0
ljubljana,36762,gisco,0.996,17.44,36611,,0
ljubljana,36762,osm,0.996,17.44,36611,,0
nicosia,43249,none,1.0,27.15,43249,,0
nicosia,43249,gisco,0.712,20.97,30772,,0
nicosia,43249,osm,0.973,26.81,42067,,0
