city,gisco_code,osm_relation,osm_admin_level,gisco_km2,osm_km2,area_ratio_osm_to_gisco,iou,gisco_only_share,osm_only_share
lodz,PL002C,2907537,7,293.3,293.3,1.0,0.999,0.0,0.0
warszawa,PL001C,336075,6,517.2,517.2,1.0,1.0,0.0,0.0
krakow,PL003C,2768921,7,326.8,326.9,1.0,0.999,0.0,0.0
gdansk,PL006C,1553098,6,261.7,682.3,2.607,0.383,0.0,0.617
poznan,PL005C,2456294,6,261.9,261.9,1.0,0.999,0.0,0.0
szczecin,PL007C,2873415,7,300.6,300.6,1.0,0.998,0.001,0.001
prague,CZ001C,435514,4,496.4,496.3,1.0,0.996,0.002,0.002
rome,IT001C,41485,8,1286.0,1285.6,1.0,0.995,0.003,0.002
turin,IT004C,43992,8,130.1,130.1,1.0,0.999,0.001,0.001
vilnius,LT001C,1529146,8,400.5,396.7,0.99,0.988,0.011,0.001
sofia,BG001C,4283101,8,1341.8,454.1,0.338,0.338,0.662,0.0
bucharest,RO001C,377733,4,238.9,239.0,1.001,0.998,0.001,0.001
lisbon,PT001C,5400890,7,636.7,86.8,0.136,0.136,0.864,0.005
zagreb,HR001C,226224,4,641.4,641.2,1.0,0.998,0.001,0.001
ljubljana,SI001C,1675898,8,275.0,275.0,1.0,0.999,0.001,0.001
nicosia,CY001C,3264382,5,219.9,1927.5,8.765,0.077,0.3,0.92
lublin,PL009C,2206549,6,147.4,147.5,1.0,0.998,0.001,0.001
rzeszow,PL015C,446049,8,126.6,129.0,1.019,0.98,0.001,0.019
kielce,PL012C,2904506,7,109.7,109.7,1.0,0.998,0.001,0.001
radom,PL025C,2904795,7,111.8,115.1,1.029,0.971,0.001,0.029
rybnik,PL060C,2425998,8,148.3,148.3,1.0,0.998,0.001,0.001
elblag,PL063C,1600068,6,79.8,79.7,0.998,0.994,0.004,0.002
suwalki,PL021C,3891982,6,65.5,65.5,1.0,0.999,0.001,0.001
przemysl,,1748162,8,,46.1,,,,
