city,n_days,n_obs,w1_sum_ratio_kmh,w1_weighted_median_kmh,w1_bus_sum_ratio_kmh,w1_bus_weighted_median_kmh,w1_tram_sum_ratio_kmh,w1_tram_weighted_median_kmh,v_q20,v_q40,v_q60,v_q80,w3_am,w3_pm,w10_on_time_late120,w10_on_time_late180,w10_on_time_late300,w11_pooled_480,w11_pooled_600,w11_median_of_cells,w11_n_headways,w11_pooled_720,w12_bus_median,w12_bus_share_ge4,w12_bus_share_ge6,w12_bus_n_days,w12_tram_median,w12_tram_share_ge4,w12_tram_share_ge6,w12_tram_n_days
bucharest,18,3658300,14.138050079345703,16.516231536865234,14.0654296875,16.672420501708984,14.460795402526855,15.906753540039062,12.062492370605469,14.802000045776367,17.1472110748291,20.11374855041504,10.187172889709473,15.368545532226562,0.28762676653090236,0.40007243801765846,0.5771399283820353,1.0554333925247192,1.041913390159607,1.0555499792099,1519317,1.0057846307754517,8.0,0.8414188836724048,0.667188315075639,11,10.0,1.0,0.9445983379501385,11
gdansk,18,1683764,18.399520874023438,20.650182723999023,18.920555114746094,21.541305541992188,17.329959869384766,18.93576431274414,15.203812599182129,18.439115524291992,21.581836700439453,26.63629722595215,8.514833450317383,12.533712387084961,0.5986925721181828,0.69180716537472,0.7932649706253371,0.4518880248069763,0.34602051973342896,0.17844416201114655,85209,0.287789911031723,4.0,0.5019685039370079,0.3169291338582677,18,10.5,0.9134199134199135,0.8701298701298701,18
krakow,19,3072591,19.36334991455078,21.252429962158203,19.65336036682129,21.977550506591797,18.904544830322266,20.2611141204834,16.589514541625977,20.135476684570314,23.486463928222655,27.78089714050293,6.349325180053711,10.798395156860352,0.5711853611495965,0.7198673692658737,0.8636043651758402,0.3107261657714844,0.2480875700712204,0.2102918028831482,545877,0.2559852600097656,3.5,0.49238269347958563,0.39000609384521634,18,16.0,0.996969696969697,0.9484848484848485,18
lisbon,19,3186107,14.066529273986816,16.090688705444336,14.066529273986816,16.090688705444336,,,11.429222106933594,14.073940086364747,16.755757904052736,20.52466812133789,0.9612321853637695,13.855195045471191,0.2950767190179112,0.3691602322207007,0.4766111119306414,1.8088386058807373,1.9091334342956543,1.5355433225631714,147824,1.7393087148666382,6.5,0.7102001906577693,0.5271687321258341,19,,,,0
ljubljana,18,582913,17.25118637084961,19.51473617553711,17.25118637084961,19.51473617553711,,,15.957171440124512,19.55181121826172,23.525535583496094,28.971363067626953,8.412384986877441,13.780296325683594,0.5052211908123511,0.6246215129873584,0.7510743455712945,0.961315929889679,0.8493227362632751,0.8085035085678101,52445,0.6906834840774536,3.25,0.32299944691875526,0.25811116517168387,18,,,,0
lodz,19,2693077,17.302505493164062,20.171777725219727,17.938575744628906,21.060205459594727,16.205726623535156,18.69515037536621,13.647506713867188,17.98511657714844,21.78809013366699,26.512135696411132,4.631710052490234,9.480643272399902,0.5459231206534384,0.6573967250100907,0.790723399293819,0.4526817202568054,0.49618709087371826,0.3677358031272888,57778,0.551043689250946,3.75,0.4973821989528796,0.3274278215223097,16,10.5,0.9600997506234414,0.8029925187032418,16
nicosia,18,482010,20.803302764892578,25.09347915649414,20.803302764892578,25.09347915649414,,,18.888968658447265,22.72633590698242,25.78283233642578,30.40665664672852,25.472164154052734,18.403507232666016,0.2889525113586855,0.3741333167361673,0.5031845812327546,6.2586445808410645,2.8877055644989014,1.916704773902893,813,1.6210845708847046,2.0,0.14969450101832993,0.07026476578411406,14,,,,0
poznan,18,1830995,19.584524154663086,22.20769691467285,20.10877799987793,22.821231842041016,18.92862319946289,21.42862319946289,15.369928169250489,19.288765716552735,22.797085571289063,27.64941139221192,5.351901054382324,10.64349365234375,0.6694059787164902,0.7709114443239877,0.865113230784355,0.20754191279411316,0.26189956068992615,0.18229319155216217,33347,0.26787668466567993,4.0,0.6314863676341249,0.39182058047493407,6,13.0,0.9965329519780801,0.9479402009325577,6
prague,19,7826766,21.064895629882812,23.215274810791016,22.34210777282715,24.532875061035156,18.770660400390625,20.54843521118164,16.722254180908205,20.173281478881837,23.304463958740236,27.6481071472168,8.983266830444336,7.962596416473389,0.6816071440621607,0.8109253945194134,0.9177916139844323,0.3743283450603485,0.31800970435142517,0.2502578794956207,2589952,0.25700631737709045,4.0,0.5482713633398565,0.3431180691454664,18,18.0,0.9896373056994818,0.9896373056994818,18
rome,18,9564789,17.060861587524414,20.15786361694336,17.072050094604492,20.17205238342285,11.12778377532959,11.716095924377441,13.996081161499024,17.71234474182129,22.012230682373048,28.057057571411136,9.209609031677246,6.630575656890869,0.20618363876087595,0.24881468895968328,0.30732261840799624,2.151181697845459,1.968658447265625,1.8817176818847656,533570,1.7307016849517822,5.0,0.6198876777348911,0.42488625234673116,18,9.5,1.0,1.0,5
sofia,17,3563494,17.10330581665039,18.901172637939453,17.721284866333008,19.506620407104492,15.055054664611816,16.819589614868164,13.700407981872559,16.610523223876953,19.234149932861328,23.9158992767334,4.545164108276367,7.190465927124023,0.5124260066103661,0.623211937497299,0.7527075954105718,0.5131673216819763,0.513262927532196,,464968,0.513416051864624,5.0,0.7021171836533727,0.4273756770064008,17,13.25,0.9803921568627451,0.8660130718954249,17
szczecin,18,1394832,19.30534553527832,21.65333366394043,20.575716018676758,23.216398239135742,17.066801071166992,18.990766525268555,14.719812202453614,18.490972137451173,22.03359184265137,27.29864044189453,4.468905925750732,8.317017555236816,0.6538952361287954,0.7724801266389071,0.8762947795863588,0.39811426401138306,0.3892568051815033,0.34414634108543396,112829,0.36206817626953125,3.5,0.46799580272822666,0.310598111227702,15,8.5,0.9753086419753086,0.6790123456790124,15
turin,14,1307544,14.492976188659668,15.962553977966309,14.898615837097168,16.44218635559082,13.297489166259766,14.637909889221191,12.21396255493164,14.878538131713867,17.465648651123047,21.38268280029297,6.06532096862793,6.617546081542969,0.3216809529927865,0.38533387786567797,0.46390561235415406,1.1205962896347046,1.018639326095581,0.9098719358444214,162439,1.0052831172943115,4.25,0.5651960784313725,0.35464833744196367,14,7.5,0.9971751412429378,0.7655367231638418,14
vilnius,19,2656310,18.4003849029541,20.86998176574707,18.4003849029541,20.86998176574707,,,15.39770622253418,19.077472686767578,23.066031646728515,28.07136573791504,15.67699909210205,17.506610870361328,0.629861392076512,0.7094157250715567,0.7835645976814044,0.5716552734375,0.4802495241165161,0.3906199038028717,553529,0.43958792090415955,4.75,0.5848348348348348,0.41516516516516516,19,,,,0
warszawa,18,9185758,18.80524253845215,21.20663833618164,19.087966918945312,21.621912002563477,18.045331954956055,20.17966079711914,14.771678924560547,18.10120391845703,21.220870971679688,25.372201919555664,8.810317993164062,13.909662246704102,0.5654701549942858,0.6769465296168264,0.7980797012070207,0.5257250666618347,0.43698933720588684,0.3471923768520355,1698244,0.49853515625,6.25,0.778133713467063,0.5593554006281924,18,15.25,0.9793456401512668,0.8375065278503094,18
zagreb,15,1440759,19.472583770751953,22.577043533325195,23.45402717590332,26.8995304107666,14.684650421142578,16.08056640625,17.265664291381835,22.102548599243164,26.413690185546873,33.15159912109375,7.67441987991333,10.467327117919922,0.3171120222049628,0.38476108773223,0.46584612693726013,0.8684412837028503,0.8578468561172485,0.8163666725158691,323379,0.8242502808570862,2.25,0.29955703211517165,0.14230343300110743,15,16.0,0.9959349593495935,0.9552845528455285,15
