city,route,n_obs,on_time,ewt,n_headways
bucharest,1,51904,0.454011251541307,0.9391286373138428,36902
bucharest,10,35495,0.5238766023383575,0.6935572028160095,26719
bucharest,101,23258,0.4383437956832058,1.0338399410247803,13111
bucharest,102,112136,0.40615859313690517,1.2458643913269043,81460
bucharest,103,14230,0.29051300070274066,1.2972043752670288,6011
bucharest,104,80271,0.42177124989099424,1.0186238288879395,60251
bucharest,105,28299,0.4158450828651189,1.5302594900131226,1617
bucharest,112,33216,0.2383188824662813,2.1069984436035156,4954
bucharest,116,48045,0.3683629930273702,0.9662943482398987,11747
bucharest,117,53360,0.5262556221889055,0.6917940974235535,42384
bucharest,123,58291,0.44902300526667926,0.9197070002555847,35394
bucharest,135,41127,0.28769421547888246,1.3777254819869995,6539
bucharest,137,48386,0.2931013102963667,1.7465108633041382,10430
bucharest,138,38700,0.43478036175710594,0.9400680661201477,5585
bucharest,139,25667,0.330346359138193,0.8082293272018433,16880
bucharest,141,69393,0.4256048881011053,0.8730448484420776,48704
bucharest,143,18727,0.4784001708762749,0.6420303583145142,481
bucharest,162,29477,0.43372799131526274,3.8228046894073486,181
bucharest,163,39694,0.3835592280949262,1.8269790410995483,2649
bucharest,168,29417,0.47452153516674034,1.9866994619369507,854
bucharest,178,32911,0.44067333110510165,0.9227419495582581,19774
bucharest,182,37708,0.3582794102047311,1.2907620668411255,17523
bucharest,196,52554,0.28047341781786356,1.8263931274414062,2331
bucharest,205,53207,0.38515608848459787,1.3513706922531128,9197
bucharest,21,52050,0.5445533141210375,0.48409298062324524,43550
bucharest,220,60509,0.43021699251351037,1.07157564163208,33926
bucharest,222,11884,0.3675530124537193,1.4095032215118408,135
bucharest,226,60805,0.44749609407121127,0.9554128050804138,46685
bucharest,232,78739,0.32468027280001016,1.378413438796997,14768
bucharest,241,21660,0.6473222530009234,0.5701380372047424,5350
bucharest,243,54595,0.3678541991024819,1.188965082168579,19915
bucharest,25,110499,0.3823835509823618,1.0714508295059204,73999
bucharest,253,60916,0.46570687504104014,0.8778663873672485,47917
bucharest,27,31222,0.38719492665428223,1.010181188583374,152
bucharest,282,35623,0.3320326755186256,1.4598406553268433,16115
bucharest,290,19457,0.3118671943259495,1.1486726999282837,2784
bucharest,301,27601,0.346255570450346,1.9619230031967163,9395
bucharest,311,57937,0.44199734194038354,0.9657712578773499,22920
bucharest,312,33977,0.44547782323336377,0.7971227169036865,9086
bucharest,32,50298,0.5935027237663525,0.3942563235759735,46892
bucharest,323,33383,0.38570529910433454,1.0741729736328125,9698
bucharest,330,11596,0.5131942048982407,1.7223800420761108,437
bucharest,331,28820,0.3139139486467731,1.5416120290756226,15517
bucharest,335,77636,0.408225565459323,1.1826914548873901,48838
bucharest,368,46179,0.40717642218324346,0.9888781309127808,20005
bucharest,381,66395,0.31128850064010843,0.9845344424247742,48396
bucharest,385,53480,0.412303664921466,0.9715288877487183,36334
bucharest,41,96955,0.6584497962972513,0.2821042239665985,94005
bucharest,44,4242,0.7977369165487977,0.26281866431236267,3887
bucharest,478,9439,0.6001695094819366,0.6814313530921936,6493
bucharest,485,2065,0.4605326876513317,0.9491536617279053,111
bucharest,5,67441,0.3228154979908364,0.8833383917808533,37470
bucharest,53,7440,0.6655913978494624,0.26449713110923767,3720
bucharest,54,3628,0.5212238147739802,0.7930089235305786,602
bucharest,605,7228,0.5160486995019369,0.9478057622909546,3408
bucharest,61,56437,0.4146216134805181,1.0382553339004517,39451
bucharest,619,53289,0.4619339826230554,1.0513931512832642,12052
bucharest,62,32450,0.3026810477657935,1.4900588989257812,8672
bucharest,640,27261,0.179267084846484,1.815624475479126,12484
bucharest,655,1982,0.3849646821392533,1.8694173097610474,113
bucharest,66,22792,0.3042295542295542,2.681105375289917,555
bucharest,69,91172,0.2979313824419778,1.4737612009048462,50169
bucharest,7,37862,0.5317204585072104,0.8291427493095398,21777
bucharest,72,11433,0.5280328872561882,0.6288614869117737,1405
bucharest,73,53741,0.37314154928267057,0.9555099606513977,39077
bucharest,74,37195,0.3472509745933593,1.2263875007629395,10910
bucharest,76,14964,0.3634723336006415,0.7393267154693604,9659
bucharest,79,25415,0.4966358449734409,1.1516728401184082,616
bucharest,85,34856,0.35468785861831537,1.245917797088623,4178
bucharest,86,76448,0.2828720175805777,1.2635114192962646,39637
bucharest,93,91096,0.3048542197242469,1.0773470401763916,39801
bucharest,95,16354,0.4323712853124618,0.9342358708381653,7619
bucharest,96,18016,0.28169404973357015,2.1882359981536865,510
bucharest,97,86389,0.3949461158249314,0.9733874201774597,36172
gdansk,10,55546,0.83231915889533,0.22048085927963257,747
gdansk,11,42567,0.8109568445039584,0.3541262447834015,1150
gdansk,12,109216,0.7766078230295927,0.28792113065719604,10235
gdansk,127,47987,0.6877696042678225,0.43325603008270264,1329
gdansk,154,23663,0.6182225415205173,0.26241353154182434,259
gdansk,166,4846,0.6729261246388775,0.12397893518209457,119
gdansk,189,16404,0.699463545476713,-0.01888173446059227,771
gdansk,199,63568,0.6889315378806947,0.4956718385219574,512
gdansk,2,84959,0.7848256217705011,0.19990234076976776,13035
gdansk,213,9431,0.7738309829286396,0.32529348134994507,174
gdansk,289,19675,0.6761372299872935,0.3065038025379181,1229
gdansk,3,53588,0.8026797044114354,0.592638373374939,351
gdansk,6,76143,0.795726462051666,-0.025832366198301315,2180
gdansk,7,26590,0.8136893569010907,-0.4208262264728546,503
gdansk,8,56766,0.8068386005707642,0.1440330445766449,8203
gdansk,9,31417,0.8129038418690517,0.4548146426677704,2199
gdansk,M32,24953,0.6627259247385084,0.7667490839958191,11424
gdansk,T8,51852,0.7599321144796729,0.38034743070602417,30548
krakow,1,89819,0.8329195381823445,0.21579742431640625,73341
krakow,13,61455,0.9254251078024571,0.14180856943130493,36108
krakow,130,16412,0.7083841091883988,0.6282292604446411,325
krakow,179,64598,0.6023251493854299,0.5675313472747803,30460
krakow,20,41853,0.9151554249396698,0.1293495148420334,33605
krakow,3,80800,0.8836757425742574,0.16659139096736908,68160
krakow,300,20093,0.4745931418902105,0.5260477662086487,142
krakow,304,23273,0.4305847978344004,0.6744049191474915,1140
krakow,50,143941,0.8730799424764313,0.19334563612937927,72333
krakow,52,123158,0.8072313613407168,0.24149297177791595,110421
krakow,704,65979,0.5906273208141984,0.622997522354126,57648
krakow,708,29111,0.8338428772628903,0.42814889550209045,485
krakow,8,70248,0.8911997494590593,0.18052087724208832,61709
lisbon,15E,57941,0.35864068621528794,1.678942322731018,13213
lisbon,28E,29424,0.19198613376835236,3.370166063308716,11397
lisbon,701,48138,0.3991649009098841,1.2935481071472168,516
lisbon,702,21093,0.3429573792253354,0.41686657071113586,442
lisbon,703,73932,0.34523616296055837,1.276769995689392,885
lisbon,706,45680,0.30291155866900177,0.250772088766098,259
lisbon,713,59529,0.3738178030875708,3.614051342010498,178
lisbon,714,58909,0.3189495662801949,2.0281996726989746,780
lisbon,716,35658,0.3074765830949577,0.1991020143032074,212
lisbon,717,50513,0.44063904341456656,0.824352502822876,350
lisbon,720,48350,0.36479834539813855,2.2733168601989746,153
lisbon,723,59512,0.4146054577228122,1.0281412601470947,636
lisbon,726,49398,0.2863273816753715,5.164305210113525,213
lisbon,727,78097,0.3019834308616208,2.5015945434570312,1282
lisbon,728,94532,0.2860089705073414,2.000288486480713,2387
lisbon,729,63549,0.3399896143133645,3.2172653675079346,509
lisbon,731,39916,0.313458262350937,7.165714740753174,163
lisbon,734,19598,0.4744361669558118,0.3768753111362457,246
lisbon,735,63062,0.295851701500111,6.817692279815674,106
lisbon,736,59519,0.34973705875434735,1.568475365638733,10813
lisbon,737,7177,0.5872927406994566,0.33166807889938354,199
lisbon,742,140361,0.28749438946715966,2.631993055343628,23509
lisbon,747,31594,0.40520351965563084,1.7967865467071533,320
lisbon,750,61517,0.3244956678641676,2.9542486667633057,1750
lisbon,751,53127,0.3867901443710354,1.0670435428619385,17297
lisbon,753,10976,0.41025874635568516,1.1587499380111694,2810
lisbon,755,77013,0.39182995078752936,2.3231027126312256,661
lisbon,756,43654,0.4749622027763779,0.5202351808547974,1386
lisbon,758,79298,0.3498953315342127,1.8113340139389038,31344
lisbon,759,86372,0.33148474042513776,0.9212478399276733,2149
lisbon,767,83577,0.2532634576498319,2.504082202911377,2443
lisbon,773,42670,0.45715959690649166,1.280694603919983,10039
lisbon,781,42241,0.4549371463743756,2.086796522140503,450
lisbon,796,30708,0.5818353523511789,0.6948567628860474,8433
ljubljana,01,41718,0.6436789874874155,0.8186574578285217,20865
ljubljana,05,38820,0.6826120556414219,0.8783485293388367,2360
ljubljana,06,68104,0.5802889698108775,0.833873987197876,26832
ljubljana,11,50271,0.5340653657178095,1.2485219240188599,591
ljubljana,14,25417,0.6785222488885392,0.6397735476493835,919
ljubljana,18L,8864,0.58235559566787,2.2559432983398438,632
ljubljana,27,49506,0.6447703308689856,1.27981698513031,233
lodz,1,29883,0.5578757152896295,0.8935414552688599,256
lodz,10B,70920,0.7300479413423576,0.4535329043865204,17315
lodz,11,38716,0.6121241863828908,-0.14484253525733948,325
lodz,13,48688,0.6351462372658561,1.54936945438385,165
lodz,15,60339,0.6307031936226984,0.4371342957019806,436
lodz,18,45909,0.6685835021455488,0.3458905518054962,114
lodz,4,66390,0.7046543154089472,0.23933079838752747,258
lodz,41,11882,0.7811816192560175,0.6705678105354309,101
lodz,57,51948,0.7072072072072072,0.23123398423194885,161
lodz,59,23519,0.6951826183086015,1.1561129093170166,234
lodz,6,48315,0.6818586360343578,0.4396408200263977,184
lodz,65A,66595,0.672768225842781,0.5445688962936401,165
lodz,69A,66888,0.6909460590838417,0.291519433259964,3820
lodz,69B,37517,0.7963856385105419,0.486669659614563,3098
lodz,70,63247,0.5470140876247095,0.49996668100357056,678
lodz,72A,71519,0.6008193626868384,1.4120829105377197,363
lodz,72B,14720,0.5847826086956521,0.36885884404182434,432
lodz,76,46452,0.6392405063291139,-0.24448953568935394,513
lodz,78,24794,0.6594337339678955,0.7207661867141724,192
lodz,80,18911,0.6311670456348157,-0.08009948581457138,124
lodz,80B,31418,0.6210452606785919,-0.4443575441837311,433
lodz,81A,67689,0.6609936621903115,0.5445516109466553,281
lodz,96,133765,0.6015250626098008,1.3427350521087646,5345
lodz,G1,9479,0.7982909589619158,0.4681045413017273,2823
lodz,G2,3544,0.7765237020316027,-0.13876011967658997,1132
lodz,H,2246,0.7715939447907391,1.9764267206192017,467
lodz,Z11,21560,0.8266233766233766,0.15516407787799835,17789
lodz,Z13,29210,0.675042793563848,0.6139994263648987,333
nicosia,2,33048,0.13023480997337206,1.7812210321426392,158
nicosia,3,31305,0.1030825746685833,2.4375758171081543,599
poznan,1,56149,0.8457318919303994,0.19297204911708832,1859
poznan,10,53655,0.7825365762743454,0.10318756103515625,741
poznan,11,55040,0.7847383720930232,0.1329655945301056,1351
poznan,12,44392,0.8062714002522977,0.15805333852767944,1096
poznan,13,60362,0.7558894668831384,0.29074886441230774,2011
poznan,14,24205,0.9153480685808717,0.2890932857990265,326
poznan,15,44266,0.8206072380608141,0.12661437690258026,754
poznan,16,44608,0.8341328909612625,0.39499586820602417,1228
poznan,17,31022,0.8849526142737412,0.18288472294807434,13744
poznan,171,33779,0.7233784303857426,0.2312779724597931,163
poznan,18,44565,0.7163469090093122,0.5323745608329773,809
poznan,198,4588,0.9125980819529207,0.12651850283145905,140
poznan,2,35478,0.7219403574045887,0.22789891064167023,196
poznan,3,67143,0.790074914734224,0.7948140501976013,1624
poznan,4,22184,0.8992517129462676,0.02471771277487278,229
poznan,6,55232,0.7585095596755504,0.32251790165901184,2011
poznan,7,52400,0.7689312977099236,0.38514405488967896,1570
poznan,8,43151,0.7841533220551088,0.11591695249080658,1697
poznan,9,36051,0.8280491525893873,0.23903198540210724,988
poznan,97,33731,0.8988467581749726,0.3166150450706482,778
prague,1,63224,0.930896495001898,0.13748855888843536,24350
prague,10,137878,0.7892629716125851,0.4211728274822235,58945
prague,102,27759,0.9524838791022732,0.07732696831226349,5917
prague,103,24391,0.9452666967324013,0.11145298928022385,3053
prague,106,75836,0.822538108550029,0.2759913206100464,42309
prague,107,37994,0.9541769753118914,0.11230596154928207,32729
prague,109,35516,0.8118875999549499,0.3482312560081482,9333
prague,11,76570,0.765587044534413,0.4116569459438324,30929
prague,112,12381,0.9079234310637266,0.2098744660615921,5857
prague,113,33628,0.8724277387891043,0.18241094052791595,9444
prague,114,51269,0.8077395697204939,0.30902454257011414,24551
prague,115,2801,0.9239557300963941,4.506552696228027,185
prague,118,52269,0.826283265415447,0.2807919681072235,30255
prague,12,136227,0.807688637347956,0.3731600344181061,55720
prague,120,40409,0.7334752159172462,0.25409698486328125,684
prague,123,26216,0.9051724137931034,0.12265142053365707,13888
prague,124,71293,0.7074607605234735,0.511218786239624,40631
prague,125,111146,0.7997858672376874,0.32612255215644836,76570
prague,126,58851,0.8526618069361608,0.3307795226573944,27374
prague,129,14981,0.8782457779854482,-0.317703515291214,115
prague,13,20059,0.8919686923575453,0.18137460947036743,8087
prague,131,33897,0.9528276838658288,0.1447494477033615,17774
prague,133,51154,0.6063846424522031,0.6831271052360535,31016
prague,134,59679,0.9036512005898222,0.19472680985927582,28654
prague,135,67922,0.7126704160654869,0.40078938007354736,38166
prague,136,160637,0.705067948231105,0.5043118596076965,99148
prague,137,16759,0.9569186705650695,0.08140767365694046,10624
prague,138,73305,0.8807175499624855,0.3243723511695862,24357
prague,139,96046,0.7776377985548591,0.4079653322696686,24457
prague,141,28024,0.9280616614330573,0.03478546068072319,249
prague,142,15207,0.9642270007233511,0.06154225766658783,7582
prague,143,10716,0.885591638671146,0.16894735395908356,2770
prague,144,8602,0.9830272029760521,0.05295461043715477,5942
prague,145,36825,0.763041412084182,0.2940307557582855,20891
prague,146,11445,0.7389252948885976,0.22013041377067566,1965
prague,149,43575,0.7998393574297189,0.005453999619930983,319
prague,15,78718,0.8307121624025,0.24191029369831085,28656
prague,150,74483,0.8244297356443753,0.3762367367744446,38332
prague,152,47769,0.9077853838263309,0.17644500732421875,25316
prague,157,13314,0.9683040408592459,0.07711079716682434,10466
prague,158,17841,0.8935037273695421,0.36237412691116333,8787
prague,16,119032,0.8142264265071577,0.3256619870662689,46541
prague,161,12871,0.8902183202548365,1.0372716188430786,624
prague,167,30669,0.9291140891453911,0.13734792172908783,16374
prague,17,216853,0.871659603510212,0.2401532530784607,97392
prague,170,116630,0.7428191717396896,0.3933815062046051,63490
prague,174,38092,0.8851989919143127,0.30246174335479736,10375
prague,175,58585,0.7285653324229752,-0.20301131904125214,164
prague,176,20203,0.7610255902588724,0.27392578125,5212
prague,177,135560,0.6289982295662437,0.6610936522483826,71024
prague,18,68843,0.8376014990630856,0.2740567624568939,26894
prague,180,64539,0.8140504191264197,0.38808009028434753,29871
prague,182,34323,0.6233429478775165,0.6254190802574158,240
prague,184,28268,0.9228102447997736,0.17711003124713898,13414
prague,188,79431,0.7806523901247624,0.2696998715400696,43045
prague,189,18722,0.9441299006516398,0.1585591584444046,8301
prague,19,53898,0.8974544510000371,0.17642974853515625,21376
prague,190,36913,0.9555441172486658,0.11386261135339737,20968
prague,191,90910,0.8466725332746673,0.23235651850700378,28027
prague,195,89100,0.6777890011223344,0.4830370545387268,52963
prague,196,40565,0.8686059410822138,0.1701917052268982,23155
prague,197,68085,0.7795109054857898,0.24382120370864868,16004
prague,199,12291,0.8698234480514198,0.14681319892406464,6581
prague,2,63015,0.8701578989129573,0.25198543071746826,19424
prague,20,129173,0.8436592786418214,0.25852635502815247,55191
prague,200,28677,0.9876207413606723,0.09462763369083405,27015
prague,201,128319,0.7274526765327036,0.47137147188186646,67517
prague,207,42391,0.7728527281734331,0.30870336294174194,27870
prague,21,87619,0.8894646138394641,0.1879732757806778,33569
prague,213,57352,0.8937438973357511,0.18018722534179688,34164
prague,215,21707,0.9210392960796057,0.14009246230125427,14426
prague,22,238205,0.8321151948951533,0.2659591734409332,95499
prague,223,25692,0.8629923711661217,0.18787460029125214,12950
prague,225,50492,0.9124019646676701,0.1392926573753357,23140
prague,24,112632,0.8452926344200582,0.3859914243221283,41202
prague,241,21688,0.8675304315750646,0.16434021294116974,1499
prague,25,75485,0.9139961581771213,0.1777033507823944,28779
prague,26,143243,0.8304978253736657,0.3425290286540985,58715
prague,3,108604,0.8548027696954071,0.3542523682117462,44196
prague,302,9141,0.8989169675090253,0.25208690762519836,107
prague,31,38826,0.9301498995518467,0.145263671875,19329
prague,318,27722,0.8484957795252868,0.2722305357456207,9148
prague,326,5999,0.821636939489915,0.6100471615791321,634
prague,340,10762,0.8489128414792789,0.29572728276252747,1641
prague,351,14530,0.7184445973847212,0.6418548822402954,274
prague,370,3003,0.736929736929737,0.30351969599723816,236
prague,371,3197,0.8608070065686582,0.7164698243141174,365
prague,377,14583,0.7990811218542138,0.9294291138648987,413
prague,4,46285,0.8696986064599762,0.22677764296531677,17188
prague,5,96119,0.8581133802890167,0.32200750708580017,39587
prague,52,13183,0.8843207160737313,0.14710566401481628,6387
prague,58,68552,0.8525936515346014,0.3075813353061676,20347
prague,59,45204,0.9372621891867976,0.18091049790382385,42830
prague,6,65141,0.8367080640456855,0.34937921166419983,23684
prague,7,125053,0.8345341575172127,0.36367517709732056,46012
prague,8,80271,0.8721206911587,0.27615001797676086,34148
prague,9,214041,0.8733466952593195,0.30833104252815247,204587
prague,BB2,518,0.88996138996139,1.2526018619537354,216
prague,X25,16630,0.8751052315093205,0.5015352964401245,8615
rome,01,19821,0.33065940164472024,0.8337046504020691,1973
rome,031,29106,0.4289837146980004,-0.42164281010627747,304
rome,043,21758,0.2519073444250391,1.391540765762329,214
rome,051,58498,0.28616362952579577,0.9554555416107178,122
rome,053,43030,0.4004880316058564,1.0893646478652954,200
rome,058,57155,0.2928702650686729,2.6634440422058105,4288
rome,070,20876,0.27543590726192757,8.907963752746582,107
rome,088,50369,0.30542595644146203,1.196715235710144,130
rome,105,62265,0.1271822050911427,1.5094777345657349,40610
rome,105L,9088,0.17825704225352113,2.4855265617370605,142
rome,115,12032,0.26595744680851063,3.1791999340057373,709
rome,118,35835,0.10858099623273336,4.341137409210205,704
rome,119,9350,0.06213903743315508,1.479900598526001,755
rome,128,36146,0.249156199856139,1.9870394468307495,1457
rome,14BUS,42020,0.12751070918610186,3.593242883682251,9446
rome,16,35595,0.2287118977384464,3.4296553134918213,117
rome,163,32765,0.3443613612086067,1.4042205810546875,10116
rome,170,52729,0.22911490830472794,1.9568232297897339,4273
rome,19BUS,49029,0.13196271594362521,1.8556373119354248,1739
rome,20,49662,0.2640650799403971,1.5354336500167847,29604
rome,200,24205,0.22722577979756248,3.361424446105957,471
rome,201,41217,0.22350001213091686,3.4966981410980225,398
rome,218,39332,0.19215905623919455,1.2243400812149048,1002
rome,223,40506,0.1849108774008789,4.227324485778809,227
rome,226,26447,0.17998260672287972,12.698588371276855,720
rome,23,43145,0.21240004635531348,3.2058372497558594,409
rome,246,17322,0.17902089827964437,1.4130711555480957,402
rome,247,16844,0.3126335787223937,0.21031036972999573,123
rome,280,45765,0.20633672020102697,4.857587814331055,461
rome,2BUS,33830,0.3316582914572864,1.6537607908248901,17102
rome,30,41167,0.1841766463429446,1.7669720649719238,734
rome,301,55158,0.1580187824069038,3.1701977252960205,1758
rome,309,55932,0.14742902095401558,0.9710525274276733,3625
rome,31,67333,0.2556398794053436,3.7992186546325684,516
rome,310,32663,0.20772739797324188,1.070014476776123,9627
rome,311,36816,0.18652216427640156,8.759087562561035,207
rome,313,53010,0.1690624410488587,0.7020443081855774,136
rome,314,73509,0.2195785550068699,6.4790496826171875,229
rome,32,35772,0.19557195571955718,4.769224166870117,715
rome,337,29306,0.20190404695284242,4.668180465698242,249
rome,341,71348,0.20852721870269664,1.0892939567565918,19111
rome,344,47261,0.1932671758955587,7.026750564575195,1136
rome,360,60895,0.22606125297643484,1.3941751718521118,10176
rome,3BUS,16215,0.18390379278445884,1.5610934495925903,7516
rome,3L,18796,0.07379229623324111,5.73459005355835,1007
rome,3NAV,36021,0.16232197884567337,3.240381956100464,8232
rome,40,20230,0.16875926841324765,1.7152481079101562,11205
rome,409,59941,0.25927161709013863,1.0325723886489868,46525
rome,435,20008,0.2028188724510196,5.9537739753723145,493
rome,44,62096,0.2278246585931461,1.1907734870910645,7517
rome,446,49034,0.22227434025370152,3.3750531673431396,192
rome,447,37132,0.14424216309382742,1.7439056634902954,1061
rome,448,13784,0.3002756819500871,1.629052758216858,128
rome,451,59236,0.2501688162603822,1.6920443773269653,27481
rome,46,73436,0.183425023149409,3.5734152793884277,2181
rome,49,35872,0.2056757359500446,5.666940689086914,188
rome,490,85763,0.23049566829518556,1.7428370714187622,31063
rome,492,49947,0.16331311189861253,7.430278301239014,411
rome,495,52399,0.2079238153399874,3.607020854949951,1579
rome,500,30420,0.501216305062459,1.1022428274154663,1930
rome,508,57491,0.2000313092484041,4.509443759918213,707
rome,51,25309,0.18084475878146114,1.9674725532531738,9284
rome,53,22286,0.18074127254778785,9.20595645904541,171
rome,533,14436,0.2939872540870047,0.47603529691696167,100
rome,542,54790,0.2539879540062055,2.456482410430908,3801
rome,544,43171,0.21623311945518983,3.3533430099487305,137
rome,545,28320,0.19872881355932204,1.7235686779022217,235
rome,548,56429,0.2673979691293484,1.928443431854248,314
rome,552,47371,0.2836123366616706,3.263115882873535,346
rome,558,39446,0.27627642853521267,4.096952438354492,327
rome,5BUS,39760,0.14346076458752516,3.6049580574035645,10250
rome,60,34789,0.21006640029894508,2.8747763633728027,10631
rome,61,45717,0.20211299954065226,4.022421836853027,139
rome,628,61854,0.20535454457270347,3.9182844161987305,832
rome,63,70606,0.15059626660623743,3.4015884399414062,926
rome,64,35878,0.20516751212442166,1.3495429754257202,21251
rome,663,30871,0.40614168637232356,2.2299647331237793,301
rome,664,23409,0.31133324789610833,3.5154082775115967,363
rome,671,57797,0.2500821841964116,4.3406901359558105,528
rome,69,34447,0.2902429819723053,5.174935817718506,267
rome,70,33072,0.23847968069666184,4.0128068923950195,298
rome,708,47407,0.28833294661125997,0.6478869318962097,106
rome,709,22030,0.27317294598275077,3.8442978858947754,219
rome,71,33482,0.1901917448181112,1.6535725593566895,4602
rome,714,46515,0.21472643233365582,1.3960353136062622,4337
rome,719,85471,0.14851821085514386,3.793553113937378,1503
rome,720,25404,0.30924263895449533,6.407639026641846,211
rome,74,20312,0.2839700669554943,1.5221115350723267,499
rome,75,33930,0.24182139699381078,4.148820877075195,172
rome,762,27780,0.3042836573074154,3.6107282638549805,386
rome,764,57684,0.32627765064836,2.046447277069092,1066
rome,765,31821,0.29093994531912887,1.9808151721954346,615
rome,766,50769,0.18207961551340385,2.547609567642212,1299
rome,772,26886,0.31235587294502715,3.651477575302124,103
rome,773,36474,0.24757361408126335,2.5760269165039062,128
rome,779,32625,0.35344061302681995,4.699921607971191,174
rome,780,33210,0.23766937669376695,4.160846710205078,272
rome,781,34889,0.2736679182550374,1.5273603200912476,1180
rome,791,42876,0.21440899337624778,2.9841978549957275,405
rome,792,48822,0.22305518004178443,5.947663307189941,276
rome,8,10880,0.1614889705882353,0.7973566651344299,8607
rome,80,55568,0.14155629139072848,2.1227688789367676,14980
rome,83,53338,0.11511492744384866,4.058931350708008,214
rome,85,55949,0.16511465799209996,2.0875370502471924,4301
rome,86,40806,0.2624368965348233,2.0606088638305664,1086
rome,87,52869,0.22139628137471865,3.6774394512176514,408
rome,88,61989,0.2500766264982497,3.3843531608581543,560
rome,881,47660,0.2737725556021821,2.6670191287994385,408
rome,892,27139,0.2400972769814658,7.611335754394531,105
rome,8BUS,54393,0.2459507657235306,0.5821446776390076,40207
rome,90,33990,0.1656957928802589,1.5678495168685913,17051
rome,904,45471,0.19001121593982978,5.919437885284424,175
rome,905,32580,0.1676488643339472,5.074889183044434,299
rome,907,61330,0.11120169574433393,14.060290336608887,207
rome,908,24277,0.30699839354121183,2.4156699180603027,611
rome,910,35938,0.25296343703044133,2.87115740776062,248
rome,911,40655,0.24250399704833353,3.101536989212036,249
rome,913,52085,0.19940481904579052,1.6589759588241577,27450
rome,916,68879,0.1712132870686276,4.277799606323242,1246
rome,92,42178,0.22924273317843424,4.611513614654541,308
rome,96,37705,0.1193210449542501,4.675172805786133,132
rome,98,76832,0.17949552269887548,2.1149935722351074,6577
rome,980,41615,0.15136369097681124,4.142021656036377,100
rome,990,33132,0.16413135337438126,2.3839659690856934,237
rome,A01,1018,0.23280943025540274,1.4031522274017334,347
rome,A06,589,0.2937181663837012,0.4844721555709839,113
rome,A10,782,0.17647058823529413,2.781069040298462,122
rome,H,51287,0.21406984226022188,2.82700777053833,519
rome,L08,697,0.2381635581061693,1.8277002573013306,162
rome,T02,689,0.10014513788098693,0.2023310363292694,292
sofia,1,79723,0.7076627823840046,0.4718938171863556,1275
sofia,10,43403,0.7208257493721633,0.1694793701171875,174
sofia,102,64824,0.4957577440454153,0.12663014233112335,633
sofia,11,150175,0.6175328783086399,0.44053319096565247,731
sofia,111,82531,0.2820273594164617,2.251990556716919,3252
sofia,12,27124,0.651157646364843,0.18208999931812286,497
sofia,120,58393,0.6655078519685579,1.0321177244186401,810
sofia,13,42685,0.7108117605716294,0.38721925020217896,498
sofia,15,38441,0.7683723108139746,-0.011485036462545395,256
sofia,18,28975,0.7388438308886972,0.05865783616900444,203
sofia,2,67313,0.5932286482551662,0.7760025262832642,20949
sofia,20,77720,0.7315620174987133,0.3657580018043518,19461
sofia,204,64755,0.5653308624816616,0.7585431337356567,1747
sofia,22,111765,0.7526059141949627,0.4169916808605194,91582
sofia,260,25964,0.5395162532737636,0.18451538681983948,194
sofia,27,75509,0.7346938775510204,0.3186599612236023,38922
sofia,280,60850,0.5002629416598192,0.6688087582588196,42445
sofia,3,43136,0.7632835682492581,-0.2011764496564865,187
sofia,310,45363,0.5658576372814849,0.6233739256858826,868
sofia,5,149833,0.6561171437533787,0.3419342041015625,93278
sofia,6,123907,0.6177374966708903,0.39069339632987976,1321
sofia,67,29740,0.5381977135171486,0.0403035469353199,761
sofia,7,117638,0.6521957190703684,0.3314046263694763,36456
sofia,72,65680,0.6623629719853836,0.9064549803733826,8033
sofia,73,97009,0.5089940108649713,0.981079638004303,7915
sofia,74,31602,0.6788177963420037,0.2749323546886444,206
sofia,8,84115,0.6164536646258099,0.5451548099517822,21473
sofia,83,69803,0.5136455453204017,1.0883870124816895,812
sofia,9,78753,0.6600129518875472,0.48777058720588684,37380
sofia,94,53114,0.5484806265767971,0.8070096373558044,32487
sofia,97,18989,0.44299331191742586,0.04647165909409523,130
szczecin,1,36408,0.8750823994726433,0.14520874619483948,116
szczecin,10,51551,0.7741459913483735,0.4795570373535156,646
szczecin,107,47368,0.6563502786691437,0.5926730036735535,15446
szczecin,11,40124,0.8311733625760144,0.29326221346855164,552
szczecin,12,55743,0.8479091545126742,0.2280370146036148,27760
szczecin,2,42493,0.8163226884428023,0.07974624633789062,710
szczecin,3,55614,0.8439062106663789,0.26385143399238586,272
szczecin,53,52827,0.6239990913737293,1.773962378501892,1729
szczecin,6,44120,0.9081822302810517,0.14140090346336365,2200
szczecin,60,45414,0.6786673712951953,1.6746788024902344,1570
szczecin,61,48952,0.7819700931524759,0.788695752620697,1893
szczecin,68,19950,0.5731829573934837,-0.2030082643032074,100
szczecin,7,55376,0.8291498121930078,0.7364954352378845,886
szczecin,75,67758,0.8262640573806783,0.30189794301986694,56019
szczecin,8,45277,0.7860723987896725,0.3358754515647888,2056
szczecin,87,34524,0.802803846599467,0.8657404780387878,413
szczecin,9,34556,0.8812073156615349,0.4990502595901489,259
szczecin,97,10429,0.6995876881771982,4.6308112144470215,148
turin,10,42211,0.3364999644642392,0.7829012274742126,24598
turin,10N,12371,0.11729043731307089,1.1512908935546875,625
turin,11,25645,0.42515110157925523,0.3144678771495819,311
turin,12,21109,0.5249419678809987,1.4309443235397339,133
turin,13,37935,0.3184130749967049,0.7495928406715393,21812
turin,14,15040,0.3962101063829787,-1.1904693841934204,103
turin,15,55284,0.3732182910064395,1.1188092231750488,14330
turin,16 CD,20492,0.4349990240093695,0.987524151802063,4083
turin,16 CS,17034,0.33345074556768817,0.8737146854400635,2517
turin,17,18199,0.39656025056321775,3.0405642986297607,430
turin,17/,5879,0.42507229120598744,0.20728912949562073,142
turin,18,54972,0.2732300080040748,1.4452720880508423,3262
turin,2,55787,0.29741696094072095,1.2139607667922974,11525
turin,3,26972,0.400748924810915,1.160454273223877,1240
turin,30,6730,0.34843982169390786,3.766559362411499,146
turin,33,25584,0.4085756722951845,1.4836914539337158,493
turin,34,26112,0.41463694852941174,0.9382683038711548,231
turin,4,77293,0.3729703854165319,1.053149700164795,59060
turin,42,22671,0.38216223369061797,1.77656888961792,106
turin,43,12662,0.47859737798136154,1.0778568983078003,154
turin,46,12245,0.29930583911800734,0.46284613013267517,293
turin,4N,11983,0.2687140115163148,0.7922256588935852,5502
turin,5,19180,0.4388946819603754,0.426727294921875,204
turin,52,27534,0.36834459214062615,1.9049404859542847,925
turin,55,43358,0.38332026384980855,1.709421992301941,2500
turin,56,16532,0.317928865231067,1.300733208656311,1262
turin,61,16869,0.39925306775742486,0.5288375616073608,143
turin,62,40105,0.3865104101732951,1.1280102729797363,1663
turin,63,19231,0.4417346991836098,0.6514655947685242,200
turin,64,18305,0.42217973231357553,0.8211746215820312,420
turin,66,20902,0.39914840685101904,0.46018627285957336,190
turin,67,9197,0.42524736327063173,1.468537449836731,200
turin,68,30709,0.37646943892669904,1.6692397594451904,1084
turin,72/,7615,0.3659881812212738,2.0452468395233154,116
turin,74,21856,0.4792276720351391,-1.2894614934921265,100
turin,75,20200,0.3923762376237624,1.444934606552124,287
turin,8,16312,0.36347474252084355,1.0056887865066528,1033
turin,9,24881,0.3843896949479523,1.0712107419967651,523
vilnius,10,87113,0.6632075579993801,0.4692591428756714,4747
vilnius,119,24034,0.8719730381958891,1.69339120388031,640
vilnius,12,48839,0.7083683122095047,0.31703975796699524,866
vilnius,16,76997,0.6846760263386885,0.580536425113678,29521
vilnius,17,64063,0.6653138316969234,0.4139699339866638,29248
vilnius,18,102513,0.8030103499068411,0.35737356543540955,34715
vilnius,19,74374,0.7356065291634173,0.494537353515625,1437
vilnius,1G,54916,0.6586422900429747,0.369482159614563,47350
vilnius,2,79027,0.7056449061713086,0.38933590054512024,63345
vilnius,25,10873,0.8271866090315461,0.3663803040981293,172
vilnius,2G,70350,0.6145557924662403,0.6647417545318604,37317
vilnius,3,44002,0.7394209354120267,0.10474701225757599,101
vilnius,33,51808,0.5854887276096356,0.3879094421863556,2108
vilnius,3G,72495,0.5741913235395545,0.6040847897529602,53121
vilnius,4,67219,0.6747496987458903,0.5722796320915222,21404
vilnius,40,35733,0.63946492038172,0.17110925912857056,556
vilnius,46,21426,0.6121534584150098,-0.29124322533607483,488
vilnius,49,54416,0.6852212584533961,0.28425851464271545,2297
vilnius,4G,75843,0.6057909101696927,0.4181416928768158,48148
vilnius,51,21289,0.8622762929212269,-0.12693990767002106,119
vilnius,52,23113,0.7538614632457924,0.048040516674518585,2807
vilnius,53,58878,0.674802133224634,0.5376477837562561,23110
vilnius,5G,44044,0.6927163745345564,0.40098342299461365,21756
vilnius,6,75296,0.7227209944751382,0.4516805112361908,37326
vilnius,6G,30308,0.6881681404249703,0.34480971097946167,22502
vilnius,7,130655,0.6399448930389193,0.5842074155807495,63627
vilnius,74,26526,0.8224383623614567,0.39824727177619934,455
vilnius,87,25708,0.6845339971993154,0.870526134967804,524
vilnius,9,48360,0.7752274607113316,0.3448806703090668,3407
warszawa,1,203572,0.832575206806437,0.30973637104034424,93599
warszawa,10,85642,0.8231708741038276,0.34222665429115295,39361
warszawa,103,49957,0.6230958624416999,0.49463143944740295,162
warszawa,105,34031,0.6076518468455232,0.5830067992210388,589
warszawa,106,31570,0.419417168197656,0.9150782227516174,907
warszawa,11,88605,0.8313300603803397,0.4350118041038513,42567
warszawa,111,62361,0.6488670803867802,0.4177810549736023,1382
warszawa,112,75902,0.47430897736555033,0.8106043338775635,254
warszawa,114,67061,0.6608311835493058,0.3563341796398163,186
warszawa,116,118902,0.47488688163361426,0.6468877196311951,7824
warszawa,122,92831,0.5983884693690685,0.341378778219223,5111
warszawa,125,43099,0.7178356806422422,0.12384312599897385,284
warszawa,128,42925,0.5985323238206174,0.9128331542015076,1735
warszawa,13,43035,0.8580690135935866,0.23533961176872253,19837
warszawa,131,42722,0.7053508730864659,0.5562235713005066,898
warszawa,132,39502,0.6688015796668523,1.044976830482483,388
warszawa,136,108002,0.42157552637914114,0.9953575134277344,6855
warszawa,138,73971,0.5544740506414676,0.08541412651538849,252
warszawa,14,34423,0.7904308166051768,0.2678672671318054,14118
warszawa,140,12615,0.7337296868806976,0.28618112206459045,252
warszawa,143,66763,0.6395158995251861,0.5154691338539124,1408
warszawa,145,72698,0.5935376489036838,0.22730661928653717,478
warszawa,15,94295,0.7264542128426746,0.541344940662384,45600
warszawa,150,11517,0.6240340366414865,0.25418776273727417,423
warszawa,152,28188,0.6973534837519512,1.170158863067627,490
warszawa,16,139583,0.7120781183955066,0.49762165546417236,70859
warszawa,165,22352,0.6950608446671439,0.663806140422821,490
warszawa,167,91419,0.46184053643115763,-0.41721266508102417,238
warszawa,17,187692,0.8193476546682863,0.3058939576148987,96614
warszawa,174,48510,0.5408163265306123,0.4287923276424408,3289
warszawa,175,54430,0.5571008634943965,1.1073859930038452,1147
warszawa,176,36202,0.7910060217667532,0.09858398139476776,132
warszawa,177,48206,0.5275691822594698,0.690723180770874,2145
warszawa,178,44423,0.45276095716183057,0.41982677578926086,288
warszawa,179,73239,0.7691803547290378,0.21508051455020905,4322
warszawa,18,109767,0.7824209461860122,0.3949027955532074,53270
warszawa,180,88477,0.5829424596222748,0.9742339849472046,1300
warszawa,182,62735,0.8004303817645653,0.27731552720069885,13683
warszawa,185,88544,0.676951572099747,0.4638712704181671,122
warszawa,186,80787,0.5127310087018951,1.000322937965393,19817
warszawa,188,68360,0.4475131655939146,1.1499119997024536,565
warszawa,189,144651,0.5017041015962558,0.9286796450614929,86474
warszawa,19,101689,0.7507498352820856,0.47304484248161316,46718
warszawa,190,100291,0.616147012194514,0.6135556697845459,29875
warszawa,191,43285,0.486173039159062,0.5493601560592651,411
warszawa,197,60080,0.688681757656458,0.5847086310386658,1220
warszawa,198,34377,0.8664804956802513,0.16271361708641052,2887
warszawa,2,67422,0.9199222805612411,0.19863002002239227,46351
warszawa,20,103208,0.7945023641578173,0.40873438119888306,46022
warszawa,204,29320,0.41971350613915415,1.4014679193496704,125
warszawa,208,14627,0.7091679770287824,2.7770206928253174,2539
warszawa,211,77572,0.8209147630588357,0.2958017885684967,32750
warszawa,22,83021,0.8210452777008227,0.310165673494339,33390
warszawa,23,70297,0.8472054283966599,0.3939768373966217,31568
warszawa,24,107052,0.8705955984007772,0.20518238842487335,50348
warszawa,25,46278,0.8796836509788668,0.16877084970474243,20056
warszawa,26,137998,0.7936999086943289,0.416357159614563,61043
warszawa,27,41442,0.8973746440808841,0.25475209951400757,18275
warszawa,28,89460,0.7831321260898726,0.3907778561115265,39878
warszawa,3,67184,0.8905245296499167,0.19434508681297302,29333
warszawa,31,23038,0.9055039499956593,0.11487986147403717,10443
warszawa,33,77069,0.8076788332533185,0.36495158076286316,29133
warszawa,340,11119,0.6969151902149474,0.7116801142692566,132
warszawa,356,9215,0.703526858383071,4.160096168518066,215
warszawa,4,97114,0.8464896925263092,0.30657094717025757,48348
warszawa,401,65184,0.4482541728031419,1.010868787765503,11058
warszawa,402,60927,0.5443235347218803,0.6126841306686401,1123
warszawa,500,39510,0.7458111870412554,0.32234013080596924,2878
warszawa,502,51570,0.6808221834399845,0.3729003965854645,2892
warszawa,503,64600,0.5851547987616099,0.6956995725631714,2629
warszawa,504,47707,0.44521768293961056,1.4926307201385498,612
warszawa,507,41005,0.814022680160956,0.2253768891096115,19520
warszawa,509,108360,0.6013196751568844,0.8116938471794128,52457
warszawa,511,13063,0.8322743627038199,0.1672261506319046,4767
warszawa,517,53400,0.5615730337078652,0.7842941284179688,4178
warszawa,518,37292,0.5672262147377454,0.3121648132801056,250
warszawa,520,63699,0.6379535000549459,0.500476062297821,1477
warszawa,521,96464,0.7442465583015425,0.30688807368278503,62644
warszawa,523,118873,0.47954539718859623,0.9867660403251648,64670
warszawa,525,60554,0.7418007068071474,0.7970932126045227,1567
warszawa,527,22323,0.7467634278546791,0.3893269896507263,11951
warszawa,6,112120,0.8859257937923654,0.1916653960943222,56096
warszawa,67,30963,0.808642573394051,0.5589243769645691,14891
warszawa,7,56357,0.8603012935394007,0.22068405151367188,28244
warszawa,709,41003,0.6602443723629978,0.4244743287563324,8107
warszawa,739,27959,0.6142923566651167,0.3824668824672699,4095
warszawa,75,6898,0.8505363873586547,0.18364182114601135,3690
warszawa,78,4028,0.8450844091360477,0.1449539214372635,2000
warszawa,9,173467,0.8274080949114241,0.32169368863105774,115233
warszawa,E-1,8511,0.7282340500528728,0.02590840682387352,104
zagreb,109,33128,0.30028978507606857,1.9247452020645142,8316
zagreb,11,70750,0.18103180212014133,1.0086771249771118,47707
zagreb,115,15039,0.6152669725380677,1.8228591680526733,321
zagreb,118,17687,0.49013399672075536,1.2506624460220337,9304
zagreb,12,54310,0.1940342478364942,0.7512664794921875,43588
zagreb,127,10862,0.8024304916221691,0.22037430107593536,134
zagreb,128,19224,0.671608406158968,1.0730814933776855,350
zagreb,14,63964,0.18876242886623726,0.7456016540527344,40507
zagreb,17,6222,0.15332690453230471,0.5329905152320862,729
zagreb,172,11264,0.44673295454545453,0.7255841493606567,3158
zagreb,2,59845,0.08737572061157992,0.750988245010376,36709
zagreb,215,16088,0.5755221282943809,1.1730941534042358,677
zagreb,228,3570,0.44061624649859943,2.4820427894592285,913
zagreb,269,18649,0.3297763955171859,2.819190502166748,482
zagreb,4,60128,0.17965007982969664,1.1513564586639404,12220
zagreb,5,55790,0.17521061122064885,1.0472201108932495,1906
zagreb,6,62375,0.13882164328657315,0.725750207901001,41589
zagreb,7,74164,0.1559381910360822,0.7241684198379517,58368
zagreb,8,28819,0.25295811790832434,0.546771764755249,14332
zagreb,9,2515,0.07673956262425448,0.6981165409088135,1635
