city,date,prev_date,stop_id_overlap_share,seg_id_overlap_share,n_stop_id,n_seg_id
bucharest,2026-09-03,2026-09-02,0.9919,0.9906,3346,3740
bucharest,2026-09-04,2026-09-03,0.9953,0.9936,3225,3592
bucharest,2026-09-05,2026-09-04,0.9709,0.9624,3059,3432
bucharest,2026-09-06,2026-09-05,0.9571,0.9585,3167,3542
bucharest,2026-09-07,2026-09-06,0.9523,0.9496,3251,3632
bucharest,2026-09-08,2026-09-07,0.9879,0.987,3233,3613
bucharest,2026-09-09,2026-09-08,0.979,0.9774,3279,3671
bucharest,2026-09-10,2026-09-09,0.9925,0.9922,3216,3593
bucharest,2026-09-11,2026-09-10,0.9723,0.9703,3283,3675
bucharest,2026-09-12,2026-09-11,0.9826,0.9792,3100,3468
bucharest,2026-09-13,2026-09-12,0.9523,0.9528,3187,3556
bucharest,2026-09-14,2026-09-13,0.957,0.9516,3254,3637
bucharest,2026-09-15,2026-09-14,0.9555,0.9526,3329,3737
bucharest,2026-09-16,2026-09-15,0.986,0.9865,3357,3767
bucharest,2026-09-17,2026-09-16,0.982,0.9824,3398,3810
bucharest,2026-09-18,2026-09-17,0.9937,0.9907,3354,3769
bucharest,2026-09-19,2026-09-18,0.9912,0.9896,3173,3560
bucharest,2026-09-20,2026-09-19,0.9763,0.9774,3205,3592
bucharest,2026-09-21,2026-09-20,0.9492,0.9465,3364,3778
bucharest,2026-09-22,2026-09-21,0.9926,0.9923,3366,3780
bucharest,2026-09-23,2026-09-22,0.9949,0.9947,3341,3753
bucharest,2026-09-24,2026-09-23,0.9884,0.9883,3357,3768
bucharest,2026-09-25,2026-09-24,0.9937,0.9918,3343,3758
bucharest,2026-09-26,2026-09-25,0.988,0.9865,3162,3553
gdansk,2026-09-02,2026-09-01,0.9876,0.9787,1205,1409
gdansk,2026-09-03,2026-09-02,0.8372,0.8118,1431,1711
gdansk,2026-09-04,2026-09-03,0.9943,0.9934,1402,1662
gdansk,2026-09-05,2026-09-04,0.9831,0.9703,1361,1617
gdansk,2026-09-06,2026-09-05,0.9868,0.9846,1368,1620
gdansk,2026-09-07,2026-09-06,0.9387,0.9117,1452,1756
gdansk,2026-09-08,2026-09-07,0.9952,0.9926,1455,1758
gdansk,2026-09-09,2026-09-08,0.9952,0.9932,1458,1763
gdansk,2026-09-10,2026-09-09,0.9979,0.9972,1457,1759
gdansk,2026-09-11,2026-09-10,0.9966,0.9943,1460,1764
gdansk,2026-09-12,2026-09-11,0.9956,0.9902,1375,1634
gdansk,2026-09-13,2026-09-12,0.9963,0.9963,1364,1615
gdansk,2026-09-14,2026-09-13,0.9354,0.9102,1454,1760
gdansk,2026-09-15,2026-09-14,0.9959,0.9966,1457,1758
gdansk,2026-09-16,2026-09-15,0.9979,0.9943,1456,1763
gdansk,2026-09-18,2026-09-16,0.9952,0.9943,1459,1765
gdansk,2026-09-19,2026-09-18,0.9655,0.9591,1419,1689
gdansk,2026-09-20,2026-09-19,0.9956,0.9919,1366,1614
gdansk,2026-09-21,2026-09-20,0.9348,0.909,1456,1758
gdansk,2026-09-22,2026-09-21,0.9966,0.9955,1459,1761
gdansk,2026-09-23,2026-09-22,0.9973,0.996,1458,1755
gdansk,2026-09-24,2026-09-23,0.9952,0.9898,1460,1764
gdansk,2026-09-25,2026-09-24,0.9966,0.996,1462,1764
gdansk,2026-09-26,2026-09-25,0.9971,0.9908,1368,1626
krakow,2026-09-02,2026-09-01,0.9843,0.9819,3189,3857
krakow,2026-09-03,2026-09-02,0.993,0.9919,3161,3814
krakow,2026-09-04,2026-09-03,0.9922,0.9924,3084,3703
krakow,2026-09-05,2026-09-04,0.9765,0.9694,3067,3688
krakow,2026-09-06,2026-09-05,0.9799,0.977,3038,3657
krakow,2026-09-07,2026-09-06,0.9455,0.9335,3176,3848
krakow,2026-09-08,2026-09-07,0.989,0.9886,3193,3866
krakow,2026-09-09,2026-09-08,0.9906,0.9894,3195,3867
krakow,2026-09-10,2026-09-09,0.9947,0.9925,3179,3850
krakow,2026-09-11,2026-09-10,0.9927,0.9921,3141,3779
krakow,2026-09-12,2026-09-11,0.979,0.97,3089,3703
krakow,2026-09-13,2026-09-12,0.9826,0.9762,3110,3743
krakow,2026-09-14,2026-09-13,0.9681,0.954,3193,3871
krakow,2026-09-15,2026-09-14,0.9909,0.9901,3180,3832
krakow,2026-09-16,2026-09-15,0.9875,0.9832,3200,3869
krakow,2026-09-17,2026-09-16,0.994,0.9932,3180,3833
krakow,2026-09-18,2026-09-17,0.993,0.9913,3147,3791
krakow,2026-09-19,2026-09-18,0.9836,0.9773,3108,3741
krakow,2026-09-20,2026-09-19,0.9882,0.9842,3063,3673
krakow,2026-09-21,2026-09-20,0.9514,0.9371,3188,3863
krakow,2026-09-22,2026-09-21,0.9946,0.9942,3150,3798
krakow,2026-09-23,2026-09-22,0.9858,0.9818,3177,3842
krakow,2026-09-24,2026-09-23,0.9909,0.9886,3190,3852
krakow,2026-09-25,2026-09-24,0.9934,0.9888,3168,3832
krakow,2026-09-26,2026-09-25,0.974,0.9578,2844,3319
lisbon,2026-09-02,2026-09-01,0.9986,0.997,2073,2685
lisbon,2026-09-03,2026-09-02,1.0,0.9996,2033,2629
lisbon,2026-09-04,2026-09-03,0.9849,0.9823,2056,2662
lisbon,2026-09-05,2026-09-04,0.9877,0.9809,1954,2466
lisbon,2026-09-06,2026-09-05,0.9979,0.9946,1928,2416
lisbon,2026-09-07,2026-09-06,0.9236,0.8841,2082,2719
lisbon,2026-09-08,2026-09-07,0.9986,0.9963,2081,2720
lisbon,2026-09-09,2026-09-08,0.9995,0.9982,2075,2712
lisbon,2026-09-10,2026-09-09,0.9947,0.9941,2080,2716
lisbon,2026-09-11,2026-09-10,0.9981,0.9971,2083,2722
lisbon,2026-09-12,2026-09-11,1.0,0.9967,1930,2449
lisbon,2026-09-13,2026-09-12,0.9856,0.9816,1800,2234
lisbon,2026-09-14,2026-09-13,0.8634,0.8159,2072,2711
lisbon,2026-09-15,2026-09-14,0.9971,0.9956,2077,2720
lisbon,2026-09-16,2026-09-15,0.9995,0.9989,2078,2722
lisbon,2026-09-17,2026-09-16,0.9976,0.9974,2082,2723
lisbon,2026-09-18,2026-09-17,0.9995,0.9989,2077,2719
lisbon,2026-09-19,2026-09-18,0.9995,0.9958,1885,2357
lisbon,2026-09-20,2026-09-19,0.9671,0.9515,1916,2412
lisbon,2026-09-21,2026-09-20,0.9207,0.8825,2081,2723
lisbon,2026-09-22,2026-09-21,0.9995,0.9993,2063,2693
lisbon,2026-09-23,2026-09-22,0.9904,0.9871,2081,2721
lisbon,2026-09-24,2026-09-23,0.999,0.9963,2078,2725
lisbon,2026-09-25,2026-09-24,0.9976,0.9978,2072,2707
lisbon,2026-09-26,2026-09-25,0.9949,0.9883,1946,2478
ljubljana,2026-09-02,2026-09-01,0.9423,0.9465,555,636
ljubljana,2026-09-03,2026-09-02,0.9939,0.9947,491,563
ljubljana,2026-09-04,2026-09-03,1.0,1.0,474,544
ljubljana,2026-09-05,2026-09-04,0.9947,0.9929,377,424
ljubljana,2026-09-06,2026-09-05,0.9632,0.9617,326,366
ljubljana,2026-09-07,2026-09-06,0.6121,0.5948,531,612
ljubljana,2026-09-08,2026-09-07,0.9962,0.9967,522,601
ljubljana,2026-09-09,2026-09-08,0.9883,0.9899,514,592
ljubljana,2026-09-10,2026-09-09,0.9961,0.9966,510,587
ljubljana,2026-09-11,2026-09-10,0.9825,0.9831,515,593
ljubljana,2026-09-12,2026-09-11,0.9947,0.9929,378,424
ljubljana,2026-09-13,2026-09-12,0.9602,0.9564,327,367
ljubljana,2026-09-14,2026-09-13,0.638,0.6197,511,589
ljubljana,2026-09-15,2026-09-14,0.9961,0.9949,511,590
ljubljana,2026-09-16,2026-09-15,0.9922,0.9932,512,590
ljubljana,2026-09-18,2026-09-16,0.9921,0.9915,509,588
ljubljana,2026-09-19,2026-09-18,0.9974,0.9953,378,425
ljubljana,2026-09-20,2026-09-19,0.9602,0.9591,327,367
ljubljana,2026-09-21,2026-09-20,0.6004,0.5859,543,623
ljubljana,2026-09-22,2026-09-21,0.9945,0.9952,546,626
ljubljana,2026-09-23,2026-09-22,0.9756,0.9771,532,612
ljubljana,2026-09-24,2026-09-23,0.9885,0.99,521,600
ljubljana,2026-09-25,2026-09-24,0.9961,0.9966,512,590
ljubljana,2026-09-26,2026-09-25,0.9974,0.9953,378,425
lodz,2026-09-02,2026-09-01,0.9956,0.9912,2055,2492
lodz,2026-09-03,2026-09-02,0.9965,0.9955,2024,2436
lodz,2026-09-04,2026-09-03,0.9871,0.9868,2023,2421
lodz,2026-09-05,2026-09-04,0.9769,0.9668,2034,2440
lodz,2026-09-06,2026-09-05,0.9828,0.9521,2029,2504
lodz,2026-09-07,2026-09-06,0.9661,0.9505,2067,2526
lodz,2026-09-08,2026-09-07,0.9966,0.9945,2065,2524
lodz,2026-09-09,2026-09-08,0.9957,0.9937,2070,2527
lodz,2026-09-10,2026-09-09,0.9976,0.9945,2066,2524
lodz,2026-09-11,2026-09-10,0.9971,0.9944,2065,2521
lodz,2026-09-12,2026-09-11,0.9946,0.9902,2030,2438
lodz,2026-09-13,2026-09-12,0.9861,0.9601,2021,2484
lodz,2026-09-14,2026-09-13,0.9662,0.9522,2068,2529
lodz,2026-09-15,2026-09-14,0.9985,0.996,2053,2511
lodz,2026-09-16,2026-09-15,0.9961,0.9936,2056,2509
lodz,2026-09-17,2026-09-16,0.9976,0.9928,2050,2507
lodz,2026-09-18,2026-09-17,0.9956,0.9936,2054,2510
lodz,2026-09-19,2026-09-18,0.9829,0.9628,2041,2498
lodz,2026-09-20,2026-09-19,0.9895,0.9678,2002,2456
lodz,2026-09-21,2026-09-20,0.9542,0.9364,2054,2500
lodz,2026-09-22,2026-09-21,0.9951,0.992,2058,2509
lodz,2026-09-23,2026-09-22,0.9956,0.9936,2062,2516
lodz,2026-09-24,2026-09-23,0.9981,0.996,2056,2508
lodz,2026-09-25,2026-09-24,0.9966,0.9853,2057,2520
lodz,2026-09-26,2026-09-25,0.9924,0.985,1979,2403
nicosia,2026-09-02,2026-09-01,0.991,0.9899,1667,1884
nicosia,2026-09-03,2026-09-02,0.9956,0.9949,1595,1765
nicosia,2026-09-04,2026-09-03,0.989,0.9882,1457,1604
nicosia,2026-09-05,2026-09-04,0.8921,0.8799,1511,1657
nicosia,2026-09-06,2026-09-05,0.998,0.9939,1492,1636
nicosia,2026-09-07,2026-09-06,0.8902,0.8588,1640,1849
nicosia,2026-09-08,2026-09-07,0.9784,0.9735,1667,1888
nicosia,2026-09-09,2026-09-08,0.991,0.9909,1662,1872
nicosia,2026-09-10,2026-09-09,0.9886,0.983,1668,1886
nicosia,2026-09-11,2026-09-10,0.9923,0.99,1680,1904
nicosia,2026-09-12,2026-09-11,0.996,0.9879,1498,1649
nicosia,2026-09-13,2026-09-12,0.9946,0.992,1489,1633
nicosia,2026-09-14,2026-09-13,0.8773,0.8482,1687,1897
nicosia,2026-09-15,2026-09-14,0.9982,0.9895,1678,1902
nicosia,2026-09-16,2026-09-15,0.9923,0.9921,1683,1906
nicosia,2026-09-18,2026-09-16,0.9959,0.9953,1687,1908
nicosia,2026-09-19,2026-09-18,0.9967,0.9875,1521,1674
nicosia,2026-09-20,2026-09-19,0.9954,0.9946,1515,1664
nicosia,2026-09-21,2026-09-20,0.8947,0.8604,1681,1898
nicosia,2026-09-22,2026-09-21,0.9946,0.9926,1680,1901
nicosia,2026-09-23,2026-09-22,0.9935,0.9921,1684,1907
nicosia,2026-09-24,2026-09-23,0.9964,0.9958,1677,1899
nicosia,2026-09-25,2026-09-24,0.9982,0.9968,1661,1882
nicosia,2026-09-26,2026-09-25,0.9973,0.9897,1504,1654
poznan,2026-09-02,2026-09-01,0.866,0.8426,1507,1715
poznan,2026-09-04,2026-09-02,0.5061,0.4561,2211,2666
poznan,2026-09-05,2026-09-04,0.9796,0.9694,2056,2454
poznan,2026-09-06,2026-09-05,0.9576,0.9412,2030,2449
poznan,2026-09-07,2026-09-06,0.7252,0.6885,2733,3425
poznan,2026-09-08,2026-09-07,0.9922,0.9861,2703,3389
poznan,2026-09-09,2026-09-08,0.9854,0.9836,2734,3423
poznan,2026-09-10,2026-09-09,0.9788,0.9695,1417,1673
poznan,2026-09-11,2026-09-10,0.9797,0.9729,1432,1697
poznan,2026-09-12,2026-09-11,0.4706,0.426,2246,2683
poznan,2026-09-13,2026-09-12,0.961,0.9522,2306,2761
poznan,2026-09-14,2026-09-13,0.8237,0.7764,2746,3444
poznan,2026-09-15,2026-09-14,0.9853,0.9799,1364,1643
poznan,2026-09-16,2026-09-15,0.5312,0.5107,2519,3135
poznan,2026-09-17,2026-09-16,0.911,0.9027,2629,3289
poznan,2026-09-18,2026-09-17,0.9905,0.9864,2633,3302
poznan,2026-09-19,2026-09-18,0.9661,0.9634,2332,2786
poznan,2026-09-20,2026-09-19,0.9637,0.9532,2314,2778
poznan,2026-09-21,2026-09-20,0.777,0.7,1556,1880
poznan,2026-09-22,2026-09-21,0.5594,0.5355,2735,3432
poznan,2026-09-23,2026-09-22,0.9891,0.9867,2759,3458
poznan,2026-09-24,2026-09-23,0.9961,0.9931,2044,2463
poznan,2026-09-25,2026-09-24,0.738,0.7083,2763,3463
poznan,2026-09-26,2026-09-25,0.9996,0.9978,2319,2749
prague,2026-09-02,2026-09-01,0.9901,0.9811,14993,19210
prague,2026-09-03,2026-09-02,0.996,0.9941,14100,17530
prague,2026-09-04,2026-09-03,0.9947,0.9918,12433,15193
prague,2026-09-05,2026-09-04,0.9197,0.8991,11537,13997
prague,2026-09-06,2026-09-05,0.9822,0.9782,11666,14169
prague,2026-09-07,2026-09-06,0.7485,0.6892,15273,19982
prague,2026-09-08,2026-09-07,0.9969,0.9948,15287,19992
prague,2026-09-09,2026-09-08,0.9979,0.9962,15246,19863
prague,2026-09-10,2026-09-09,0.9963,0.9903,15239,19929
prague,2026-09-11,2026-09-10,0.9949,0.9914,15269,19981
prague,2026-09-12,2026-09-11,0.9847,0.9768,11535,13984
prague,2026-09-13,2026-09-12,0.9848,0.9812,11626,14113
prague,2026-09-14,2026-09-13,0.7475,0.6881,15254,19936
prague,2026-09-15,2026-09-14,0.9967,0.9937,15261,19972
prague,2026-09-16,2026-09-15,0.9968,0.9942,15185,19755
prague,2026-09-18,2026-09-16,0.9895,0.9806,15283,20015
prague,2026-09-19,2026-09-18,0.9837,0.9761,11526,13999
prague,2026-09-20,2026-09-19,0.9822,0.978,11654,14157
prague,2026-09-21,2026-09-20,0.7475,0.6871,15245,19941
prague,2026-09-22,2026-09-21,0.9961,0.9933,15259,19958
prague,2026-09-23,2026-09-22,0.9971,0.9948,15269,19972
prague,2026-09-24,2026-09-23,0.9973,0.9945,15266,19984
prague,2026-09-25,2026-09-24,0.9949,0.9919,15309,20056
prague,2026-09-26,2026-09-25,0.9836,0.9775,11547,14021
rome,2026-09-02,2026-09-01,0.9965,0.994,7361,8967
rome,2026-09-03,2026-09-02,0.9992,0.9988,7342,8906
rome,2026-09-04,2026-09-03,0.9986,0.9969,7298,8817
rome,2026-09-05,2026-09-04,0.9868,0.9689,7373,9047
rome,2026-09-06,2026-09-05,0.9972,0.9804,7081,8637
rome,2026-09-07,2026-09-06,0.9524,0.923,7339,8971
rome,2026-09-08,2026-09-07,0.9956,0.9922,7342,8990
rome,2026-09-09,2026-09-08,0.9952,0.9938,7354,9002
rome,2026-09-10,2026-09-09,0.9908,0.9794,7403,9144
rome,2026-09-11,2026-09-10,0.997,0.9932,7409,9168
rome,2026-09-12,2026-09-11,0.9935,0.9834,7350,9019
rome,2026-09-13,2026-09-12,0.9966,0.9807,7038,8569
rome,2026-09-14,2026-09-13,0.944,0.9066,7358,9097
rome,2026-09-15,2026-09-14,0.997,0.9914,7357,9120
rome,2026-09-16,2026-09-15,0.9962,0.994,7364,9127
rome,2026-09-18,2026-09-16,0.9913,0.9881,3660,3962
rome,2026-09-19,2026-09-18,0.491,0.4272,7346,9010
rome,2026-09-20,2026-09-19,0.9974,0.9808,7040,8588
rome,2026-09-21,2026-09-20,0.9373,0.8958,7427,9171
rome,2026-09-22,2026-09-21,0.9934,0.9833,7373,9142
rome,2026-09-23,2026-09-22,0.9938,0.9926,7410,9177
rome,2026-09-24,2026-09-23,0.9984,0.9965,7403,9168
rome,2026-09-25,2026-09-24,0.9969,0.9942,7410,9178
rome,2026-09-26,2026-09-25,0.9928,0.9822,7359,9008
sofia,2026-09-02,2026-09-01,0.9996,0.9997,2819,3262
sofia,2026-09-03,2026-09-02,0.9979,0.9978,2813,3254
sofia,2026-09-04,2026-09-03,1.0,0.9997,2799,3227
sofia,2026-09-05,2026-09-04,0.99,0.9781,2804,3244
sofia,2026-09-06,2026-09-05,0.9986,0.9988,2807,3247
sofia,2026-09-07,2026-09-06,1.0,1.0,2802,3242
sofia,2026-09-08,2026-09-07,0.9876,0.9817,2829,3275
sofia,2026-09-09,2026-09-08,0.9972,0.9973,2828,3273
sofia,2026-09-10,2026-09-09,0.9996,0.9997,2828,3273
sofia,2026-09-11,2026-09-10,0.9989,0.9988,2829,3275
sofia,2026-09-13,2026-09-11,0.9968,0.9914,2806,3246
sofia,2026-09-14,2026-09-13,0.9855,0.9771,2830,3277
sofia,2026-09-15,2026-09-14,0.9926,0.9894,2851,3312
sofia,2026-09-16,2026-09-15,0.9996,0.9997,2850,3310
sofia,2026-09-17,2026-09-16,0.9989,0.9991,2851,3311
sofia,2026-09-18,2026-09-17,0.9993,0.9994,2847,3303
sofia,2026-09-19,2026-09-18,0.9957,0.9901,2805,3245
sofia,2026-09-20,2026-09-19,0.9993,0.9988,2807,3249
sofia,2026-09-21,2026-09-20,0.9814,0.9722,2850,3312
sofia,2026-09-22,2026-09-21,0.9964,0.9911,2808,3251
sofia,2026-09-23,2026-09-22,0.9811,0.9722,2851,3313
sofia,2026-09-24,2026-09-23,0.9993,0.9994,2846,3304
sofia,2026-09-25,2026-09-24,0.9972,0.9964,2852,3314
sofia,2026-09-26,2026-09-25,0.9908,0.9853,2817,3262
szczecin,2026-09-02,2026-09-01,0.9845,0.9791,1293,1580
szczecin,2026-09-03,2026-09-02,0.986,0.9864,1282,1539
szczecin,2026-09-04,2026-09-03,0.9927,0.9917,1227,1447
szczecin,2026-09-05,2026-09-04,0.9356,0.9278,1273,1509
szczecin,2026-09-06,2026-09-05,0.9847,0.9822,1243,1464
szczecin,2026-09-07,2026-09-06,0.9317,0.8978,1288,1565
szczecin,2026-09-08,2026-09-07,0.9408,0.9395,1318,1602
szczecin,2026-09-09,2026-09-08,0.993,0.9904,1282,1561
szczecin,2026-09-10,2026-09-09,0.9718,0.9694,1313,1601
szczecin,2026-09-11,2026-09-10,0.9984,0.9968,1266,1552
szczecin,2026-09-12,2026-09-11,0.9456,0.946,1250,1482
szczecin,2026-09-13,2026-09-12,0.9723,0.9708,1228,1440
szczecin,2026-09-14,2026-09-13,0.9024,0.8703,1312,1596
szczecin,2026-09-15,2026-09-14,0.9879,0.9827,1325,1618
szczecin,2026-09-16,2026-09-15,0.9664,0.9693,1311,1597
szczecin,2026-09-18,2026-09-16,0.9937,0.9929,1263,1543
szczecin,2026-09-19,2026-09-18,0.94,0.9393,1266,1500
szczecin,2026-09-20,2026-09-19,0.9892,0.9881,1209,1424
szczecin,2026-09-21,2026-09-20,0.9235,0.8894,1294,1582
szczecin,2026-09-22,2026-09-21,0.9855,0.9869,1312,1597
szczecin,2026-09-23,2026-09-22,0.9914,0.9865,1277,1561
szczecin,2026-09-24,2026-09-23,0.9792,0.9792,1301,1585
szczecin,2026-09-25,2026-09-24,0.9992,0.9981,1281,1560
szczecin,2026-09-26,2026-09-25,0.9818,0.9735,1209,1435
turin,2026-09-02,2026-09-01,0.9564,0.9522,3097,3623
turin,2026-09-03,2026-09-02,0.0,0.0,0,0
turin,2026-09-04,2026-09-03,0.0,0.0,2936,3397
turin,2026-09-05,2026-09-04,0.9388,0.9232,2958,3439
turin,2026-09-06,2026-09-05,1.0,0.8636,22,22
turin,2026-09-07,2026-09-06,0.0071,0.0052,3108,3645
turin,2026-09-08,2026-09-07,0.969,0.967,3098,3604
turin,2026-09-09,2026-09-08,0.9492,0.9321,3127,3684
turin,2026-09-12,2026-09-09,0.9702,0.9675,3017,3473
turin,2026-09-13,2026-09-12,0.9632,0.9431,1602,1739
turin,2026-09-14,2026-09-13,0.4964,0.4467,3086,3624
turin,2026-09-15,2026-09-14,0.9301,0.9146,3304,3933
turin,2026-09-16,2026-09-15,0.98,0.9748,2050,2302
turin,2026-09-18,2026-09-16,0.6178,0.5794,3242,3854
turin,2026-09-19,2026-09-18,0.9681,0.9539,282,282
turin,2026-09-20,2026-09-19,0.0,0.0,23,23
turin,2026-09-21,2026-09-20,0.007,0.0055,3141,3667
turin,2026-09-22,2026-09-21,0.9342,0.9167,3224,3804
turin,2026-09-23,2026-09-22,0.9826,0.9696,2187,2469
turin,2026-09-25,2026-09-23,0.6866,0.6466,3146,3721
turin,2026-09-26,2026-09-25,0.9807,0.9727,3058,3552
vilnius,2026-09-02,2026-09-01,0.9978,0.9974,1390,1887
vilnius,2026-09-03,2026-09-02,1.0,0.9984,1379,1839
vilnius,2026-09-04,2026-09-03,0.9978,0.9956,1375,1819
vilnius,2026-09-05,2026-09-04,0.9885,0.957,1387,1883
vilnius,2026-09-06,2026-09-05,0.9978,0.9941,1382,1876
vilnius,2026-09-07,2026-09-06,0.9928,0.9762,1388,1887
vilnius,2026-09-08,2026-09-07,0.9964,0.9963,1390,1886
vilnius,2026-09-09,2026-09-08,0.9964,0.9937,1391,1890
vilnius,2026-09-10,2026-09-09,0.9978,0.9968,1391,1891
vilnius,2026-09-11,2026-09-10,0.9978,0.9979,1392,1890
vilnius,2026-09-12,2026-09-11,0.9971,0.9851,1385,1880
vilnius,2026-09-13,2026-09-12,0.9928,0.9744,1391,1912
vilnius,2026-09-14,2026-09-13,0.9928,0.9767,1391,1885
vilnius,2026-09-15,2026-09-14,0.9986,0.9979,1390,1884
vilnius,2026-09-16,2026-09-15,0.9986,0.9973,1389,1881
vilnius,2026-09-17,2026-09-16,0.9971,0.9952,1393,1888
vilnius,2026-09-18,2026-09-17,0.9986,0.9952,1390,1891
vilnius,2026-09-19,2026-09-18,0.9964,0.9831,1388,1888
vilnius,2026-09-20,2026-09-19,0.9971,0.9947,1388,1887
vilnius,2026-09-21,2026-09-20,0.9928,0.9778,1393,1888
vilnius,2026-09-22,2026-09-21,0.9993,0.9989,1392,1883
vilnius,2026-09-23,2026-09-22,0.9928,0.9899,1394,1886
vilnius,2026-09-24,2026-09-23,0.9978,0.9963,1394,1886
vilnius,2026-09-25,2026-09-24,0.9964,0.9963,1392,1882
vilnius,2026-09-26,2026-09-25,0.995,0.9824,1389,1880
warszawa,2026-09-02,2026-09-01,0.986,0.9826,6081,7420
warszawa,2026-09-03,2026-09-02,0.9866,0.9833,6114,7444
warszawa,2026-09-04,2026-09-03,0.9957,0.9943,6063,7365
warszawa,2026-09-05,2026-09-04,0.9844,0.9708,5887,7066
warszawa,2026-09-06,2026-09-05,0.9953,0.9937,5730,6838
warszawa,2026-09-07,2026-09-06,0.9312,0.8987,6122,7495
warszawa,2026-09-08,2026-09-07,0.9904,0.9895,6153,7540
warszawa,2026-09-09,2026-09-08,0.9945,0.9939,6154,7541
warszawa,2026-09-10,2026-09-09,0.9943,0.9946,6167,7557
warszawa,2026-09-11,2026-09-10,0.9956,0.9956,6167,7554
warszawa,2026-09-12,2026-09-11,0.9946,0.9856,5888,7068
warszawa,2026-09-13,2026-09-12,0.9964,0.9962,5771,6901
warszawa,2026-09-14,2026-09-13,0.9317,0.9019,6160,7551
warszawa,2026-09-15,2026-09-14,0.9971,0.9966,6148,7538
warszawa,2026-09-16,2026-09-15,0.9956,0.9952,6125,7502
warszawa,2026-09-18,2026-09-16,0.9907,0.9886,6047,7391
warszawa,2026-09-19,2026-09-18,0.9852,0.9729,5690,6826
warszawa,2026-09-20,2026-09-19,0.9638,0.9618,5773,6916
warszawa,2026-09-21,2026-09-20,0.9303,0.8983,6171,7560
warszawa,2026-09-22,2026-09-21,0.9963,0.9964,6165,7552
warszawa,2026-09-23,2026-09-22,0.9947,0.9943,6169,7553
warszawa,2026-09-24,2026-09-23,0.9956,0.9952,6170,7557
warszawa,2026-09-25,2026-09-24,0.9955,0.9955,6158,7538
warszawa,2026-09-26,2026-09-25,0.9954,0.9877,5837,6988
zagreb,2026-09-02,2026-09-01,0.9851,0.9779,2011,2260
zagreb,2026-09-04,2026-09-02,0.9767,0.9735,1932,2154
zagreb,2026-09-05,2026-09-04,0.9254,0.9161,1822,2015
zagreb,2026-09-06,2026-09-05,0.9331,0.9278,1763,1939
zagreb,2026-09-07,2026-09-06,0.8348,0.811,2016,2265
zagreb,2026-09-09,2026-09-07,0.9794,0.9777,2036,2284
zagreb,2026-09-11,2026-09-09,0.98,0.9779,2055,2307
zagreb,2026-09-12,2026-09-11,0.9876,0.9852,2009,2232
zagreb,2026-09-13,2026-09-12,0.9822,0.9796,1905,2104
zagreb,2026-09-14,2026-09-13,0.9121,0.896,2048,2297
zagreb,2026-09-15,2026-09-14,0.9868,0.9839,2048,2298
zagreb,2026-09-16,2026-09-15,0.9892,0.9882,2038,2284
zagreb,2026-09-18,2026-09-16,0.9916,0.9895,2029,2278
zagreb,2026-09-19,2026-09-18,0.9736,0.9696,1896,2102
zagreb,2026-09-20,2026-09-19,0.9248,0.9172,1901,2101
zagreb,2026-09-21,2026-09-20,0.9164,0.9,2045,2291
zagreb,2026-09-22,2026-09-21,0.9941,0.9903,2030,2274
zagreb,2026-09-23,2026-09-22,0.9896,0.9885,2027,2270
zagreb,2026-09-24,2026-09-23,0.9838,0.9778,2038,2294
zagreb,2026-09-25,2026-09-24,0.9941,0.993,2031,2285
zagreb,2026-09-26,2026-09-25,0.9813,0.9773,1982,2198
